Russell,Mike,Adam,Brandon,Carl,Daniel,Dan
Viticulture,Dominant Species,Dinosaur Island,Bear Valley,D&D,D&D,D&D
Terraforming Mars,Terraforming Mars,Inis,Lords of Waterdeep,Mansions of Madness,Robo Rally,Call of Cthulhu
Scythe,Scythe,Marvel Legendary,Decrypto,Betrayal at House on the Hill,Android: Netrunner,Lords of Waterdeep
Mansions of Madness,Pulsar 2849,Euphoria,Big Book of Madness,Call of Cthulhu,Lords of Waterdeep,Coup
Decrypto,Galaxy Trucker,Scythe,Deception Murder in Hong Kong,Magic the Gathering,Scythe,Avalon
Pulsar 2849,Above and Below,Lords of Hellas,Pandemic Legacy,Deception Murder in Hong Kong,Warmachine,Resistance
7 Wonders,Champions of Midgard,Pulsar 2849,Mansions of Madness,Coup,Mansions of Madness,Decrypto
Inis,Inis,Caverna,Dead of Winter,Avalon,Race for the Galaxy,Codenames
Deception Murder in Hong Kong,Decrypto,Dominant Species,Stone Age,Secret Hitler,Viticulture,Deception Murder in Hong Kong
Dominant Species,Deception Murder in Hong Kong,Clank!,Steampunk Rally,One Night Ultimate Werewolf,Agricola,Mansions of Madness
Dinosaur Island,Eclipse,Eclipse,Galaxy Trucker,Decrypto,Schotten Totten,7 Wonders
Cosmic Encounter,Marvel Legendary,Deception Murder in Hong Kong,Game of Thrones,Room 25,Splendor,Age of War
Eclipse,Pandemic Legacy,Galaxy Trucker,Space Alert,Salem,Fox in the Forest,Grizzled
Evolution,7 Wonders,Arctic Scavengers,One Night Ultimate Werewolf,Samurai Dice,Steampunk Rally,Game of Thrones
Photosynthesis,Dinosaur Island,Room 25,Grizzled,Cosmic Encounter,Sushi Go,Secret Hitler
Lords of Hellas,Near and Far,Near and Far,Champions of Midgard,Grizzled,Galaxy Trucker,Evolution
Game of Thrones,Viticulture,Codenames,Codenames,Captain Sonar,Kingdomino,Tsuro
Galaxy Trucker,Arctic Scavengers,Choose Your Own Adventure,Robo Rally,Cash and Guns,Eclipse,Viticulture
Escape from the Aliens in Outer Space,Space Alert,Photosynthesis,Space Alert,Stone Age,Magic the Gathering,Room 25
Formula D,Grizzled,Raptor,Agricola,Codenames,Nuclear War,Champions of Midgard
Fallout,Captain Sonar,Captain Sonar,Above and Below,7 Wonders,Space Hulk,Citadels
Power Grid,Power Grid,Grizzled,Photosynthesis,Camel Cup,Advanced Heroquest,Conan
Camel Cup,Dead of Winter,Secret Hitler,Marvel Legendary,Dinosaur Island,Betrayal at House on the Hill,Robo Rally
Secret Hitler,Big Book of Madness,Harry Potter Hogwarts Battle,Viticulture,Dead of Winter,Escape from Colditz,Power Grid
Marvel Legendary,Lords of Waterdeep,Formula D,5 Minute Dungeon,Conan,Titan,Space Alert
Cyclades,Cyclades,Reef,Secret Hitler,Formula D,"Warhammer 40,000",Detective
Conan,Caverna,Forbidden Desert,Sheriff Nottingham/Libertalia,Inis,Fallout,Letters to Whitechapel
Champions of Midgard,Clank!,Small World,Powergrid,Scythe,Detective,Blood Rage
Captain Sonar,Lords of Hellas,Betrayal at House on the Hill,Two Cities,Evolution,Caverna,Inis
Arctic Scavengers,Euphoria,Fallout,Dinosaur Island,Near and Far,Warhammer: Underworlds,Cyclades
